claim_id,original_claim,noisy_claim,bridge_claim,gold_label_raw,gold_evidence,gold_explanation
hfc_001,Does CBD help with sleep disorders?,CBD for sleep disorders… does it actually help or nah?? 😵‍💫,What evidence is there on whether CBD helps with sleep disorders?,1,"The impact of CBD on sleep has not yet been seriously investigated [7]. They have not investigated whether CBD regularly ingested over a long period of time helps with sleep disorders. Whether the participants fell asleep with CBD earlier and their sleep was deeper, the research team did not measure intelligibly. Differences in sleep effects between CBD and dummy preparation could not be discovered by the research group in its study.",We could not find any meaningful studies on this question.
hfc_002,"Can vitamin D supplements prevent colds, flu, colds, and other viral respiratory illnesses when there is no or only a mild deficiency of vitamin D?",vitamin D supplements stop colds/flu/etc even if ur not really deficient?? sounds sus 🤧,"What evidence is available on whether vitamin D supplements prevent colds, flu, and other viral respiratory illnesses when there is no or only a mild deficiency of vitamin D?",2,"Vitamin D: Colds not rare According to the current state of knowledge, vitamin D preparations probably do not protect against respiratory infections caused by viruses. The participants all had similar common cold diseases – regardless of whether they took a vitamin D preparation or a dummy medication. With normal or moderately low levels of vitamin D, the additional vitamin D probably has no effect on the risk of colds. The researchers found that people who swallowed a larger amount of vitamin D every three months (over 30,000 IU) had as many colds as the placebo group. Side effects unlikely The conclusion of the review: For people who have no or only a moderate deficiency, vitamin D preparations are probably not effective to prevent colds.","Taking vitamin D probably has no preventive effect against infections with cold, cold and flu viruses. This is true at least for people with normal or moderately low levels of vitamin D in their blood. If there is a severe deficiency, however, the immune system is likely to benefit from treatment with vitamin D."
hfc_003,Do Lifewave patches improve health or athletic and mental performance?,those Lifewave patches actually boost health or performance or just marketing??,What evidence exists on whether Lifewave patches improve health or athletic and mental performance?,1,"However, there is no credible scientific explanation for such effects. Based on these studies, it cannot be said whether the patches are beneficial. It never evaluated whether the patches could improve the health and performance of the participants.","There are no trustworthy, comprehensibly conducted studies that suggest or even prove such an effect. The fact that the patches help is not plausible anyway."
hfc_004,Can butterbur prevent migraine attacks?,butterbur for migraines… does it really prevent attacks??,What evidence is there on whether butterbur can prevent migraine attacks?,0,"In summary, both studies show that it is twice as likely that the number of migraine attacks will halve after twelve weeks with the Pestwurz preparation compared to a dummy medication. The above overviews are of different quality, but all come to the same conclusions due to the two same studies: Pestwurz can reduce the number of migraine attacks for some patients.","Two well-done randomized-controlled trials show efficacy - the number of migraine attacks can probably be reduced with butterbur. Even if the effect is not huge, taking it may be worthwhile due to only minor side effects."
hfc_005,Can the proper use of fluoride toothpaste cause serious long-term health problems?,wait even using fluoride toothpaste properly can cause serious long-term problems??,What evidence is available on whether the proper use of fluoride toothpaste can cause serious long-term health problems?,1,"More investigations desired For proper use, however, no other undesirable effects are scientifically proven – apart from the mentioned (mild) dental fluorosis and possible tooth discoloration due to tin fluoride [1] [6] [8.9]. Neither on these nor on other negative health consequences could the authors of the systematic review find meaningful studies.","The reduction of caries risk by fluoride-containing toothpaste is fairly well proven, especially for children and adolescents. Serious side effects have not been observed in studies to date when used properly. In children up to the age of about eight, regular swallowing of fluoride toothpaste can lead to mild dental fluorosis. However, this is not harmful to health. Long-term health problems are not known to date."
hfc_006,Are there methods that effectively help against hormonal hair loss?,is there actually anything that works for hormonal hair loss or nah…,What evidence exists on methods that effectively help against hormonal hair loss?,0,"The efficacy of the active substance minoxidil is very well secured. Regular use of a 2 or 3% minoxidil solution on the scalp may lead to cosmetically significant improvements in approximately three out of ten men affected [6]. Also in women with hormonal hair loss shows the treatment with Minoxidil effect. Also scientifically well documented is the effect of finasteride [1] [2] [4] [5] [6]. There is evidence that the active substance can improve hormonal hair loss, as it intervenes in the hormone balance similar to finasteride.","Besides own hair transplantation, the active substances finasteride or minoxidil (as a solution) can help, but both agents have side effects. The effectiveness of other means is hardly or not secured."
hfc_007,"Can filtering out blue light using blue filter glasses or night mode settings on smartphone, tablet or laptop screens have a beneficial effect on sleep?",blue light filters / night mode actually help sleep or just placebo?? 📱😴,"What evidence is there on whether filtering out blue light using blue filter glasses or night mode settings on smartphone, tablet, or laptop screens has a beneficial effect on sleep?",2,"With activated blue filter night mode or blue filter glasses, the participants took a similar amount of time to fall asleep as without blue filter. Perhaps the amount of blue light on tablets, smartphones, ebook readers or laptop screens is not enough to disturb the body's own melatonin production. The overall study situation now indicates that blue light from screen devices has no influence on sleep.","In previous studies, it makes no noticeable difference to sleep when the blue light component of display screen devices is filtered out in the evening. However, the results are not well validated because the studies are of low quality and usually only examined a few people."
hfc_008,Do cesarean babies have a higher risk of asthma and allergies later in life? Do they have an increased risk of type 1 diabetes??,C-section babies more likely to get asthma/allergies later?? and even type 1 diabetes??,"What evidence is available on whether cesarean babies have a higher risk of asthma, allergies, and type 1 diabetes later in life?",1,"However, none of these analyses could clearly prove cause and effect. It is therefore not assured that the type of birth is the cause of the subsequent health risk [3, 4] [6]. There is also uncertainty as to whether babies brought to the world by caesarean section will later suffer from allergic diseases, asthma or type 1 diabetes. Further findings: methodologically inadequate It also remains uncertain whether the autoimmune disease type 1 occurs more frequently after a caesarean section.","There is evidence that birth by cesarean section may slightly increase the risk of obesity later in life. For asthma, allergies and type 1 diabetes, an increase in risk due to a cesarean section is unclear. Overall, it is not yet clear whether there is a direct causal relationship between the type of delivery and the development of diseases in childhood, adolescence and adulthood."
hfc_009,Do products with the tropical fruit mangosteen promote health?,mangosteen products really promote health or just hype fruit??,What evidence exists on whether products with the tropical fruit mangosteen promote health?,1,"The fact that the mangostan can help with weight loss, however, cannot be derived from any of the three investigations. In summary, we can say whether mangostans in the form of extracts or juices help with weight loss or possibly alleviate the exhaustion of sports, we cannot answer. Mangostane as a drink The study of a mixed drink of mangostane and other fruits as a weight loss aid [4] is also very unreliable. In addition, it remains completely unclear whether the mangostane, another component or a mixture would be responsible for a suspected effect. The fact that this comparison drink was simply diluted with water of mangostan juice and the participants knew about it greatly limits the significance of the results.","One study has investigated whether a drink containing mangosteen juice alleviates fatigue during exercise. Three other studies have investigated dietary supplements with extracts from the mangosteen for weight loss. However, none of these studies can demonstrate a positive effect."
hfc_010,Can Botox injections prevent migraine attacks?,Botox for migraines?? does it actually prevent attacks??,What evidence is there on whether Botox injections can prevent migraine attacks?,0,"Botox – no great help According to studies carried out so far, syringe treatment with Botox is likely to help. This means that with Botox the migraine is not left out, the number of seizures is only reduced a little. Overall, Botox seems to be able to reduce the number of monthly migraine days by an average of two days.","According to studies to date, Botox seems to reduce the number of migraine days by two days per month. However, this only applies to severely affected patients who suffer from headaches for more than two weeks a month."
